-- Trainer
INSERT INTO account (account_id, oauth2_id, provider, identification_code, email, account_role, name, phone_number, nickname, profile_picture_url, introduce, is_deleted) VALUES (1, 9285012, 'kakao', 'lhGbiEGe', 'jesus0321@naver.com', 'trainer', '김일곤', '01066689229', '고니', 'http://k.kakaocdn.net/dn/1V6Pl/btrKhRFdtAT/t0kwN9Yi6d0HjVt9TtJx1K/img_640x640.jpg', '대한 의경의 힘, 보여드리겠습니다', false);
INSERT INTO account (account_id, oauth2_id, provider, identification_code, email, account_role, name, phone_number, nickname, profile_picture_url, introduce, is_deleted) VALUES (2, 2800009, 'kakao', 'fFIEBMjy', 'lch122@naver.com', 'trainer', '이찬희', '01021429903', '따니', 'http://k.kakaocdn.net/dn/1V6Pl/btrKhRFdtAT/t0kwN9Yi6d0HjVt9TtJx1K/img_640x640.jpg', '광주 첨단 1동 바디 헬스장 소속, 트레이너 입니다!', false);
INSERT INTO account (account_id, oauth2_id, provider, identification_code, email, account_role, name, phone_number, nickname, profile_picture_url, introduce, is_deleted) VALUES (3, 1234567, 'kakao', 'abc12345', 'kyung@example.com', 'trainer', '박경용', '01033333333', '박경용', 'https://pocket-pt.s3.ap-northeast-2.amazonaws.com/account/profile-picture/default_profile.jpg', '트레이너3 소개', false);
INSERT INTO account (account_id, oauth2_id, provider, identification_code, email, account_role, name, phone_number, nickname, profile_picture_url, introduce, is_deleted) VALUES (4, 2345678, 'kakao', 'def12345', 'seayun@example.com', 'trainer', '장세윤', '01044444444', '장세윤', 'https://pocket-pt.s3.ap-northeast-2.amazonaws.com/account/profile-picture/default_profile.jpg', '트레이너4 소개', false);
INSERT INTO account (account_id, oauth2_id, provider, identification_code, email, account_role, name, phone_number, nickname, profile_picture_url, introduce, is_deleted) VALUES (5, 3456789, 'kakao', 'ghi12345', 'kiu@example.com', 'trainer', '이기우', '01055555555', '이기우', 'https://pocket-pt.s3.ap-northeast-2.amazonaws.com/account/profile-picture/default_profile.jpg', '트레이너5 소개', false);
INSERT INTO account (account_id, oauth2_id, provider, identification_code, email, account_role, name, phone_number, nickname, profile_picture_url, introduce, is_deleted) VALUES (6, 4567890, 'kakao', 'jkl12345', 'yunseahyun@example.com', 'trainer', '윤세현', '01066666666', '윤세현', 'https://pocket-pt.s3.ap-northeast-2.amazonaws.com/account/profile-picture/default_profile.jpg', '트레이너6 소개', false);
INSERT INTO account (account_id, oauth2_id, provider, identification_code, email, account_role, name, phone_number, nickname, profile_picture_url, introduce, is_deleted) VALUES (7, 5678901, 'kakao', 'mno12345', 'sooyyy@example.com', 'trainer', '양수열', '01077777777', '양수열', 'https://pocket-pt.s3.ap-northeast-2.amazonaws.com/account/profile-picture/default_profile.jpg', '트레이너7 소개', false);
INSERT INTO account (account_id, oauth2_id, provider, identification_code, email, account_role, name, phone_number, nickname, profile_picture_url, introduce, is_deleted) VALUES (8, 6789012, 'kakao', 'pqr12345', 'trainer8@example.com', 'trainer', '트레이너8', '01088888888', '트레이너8닉네임', 'https://pocket-pt.s3.ap-northeast-2.amazonaws.com/account/profile-picture/default_profile.jpg', '트레이너8 소개', false);
INSERT INTO account (account_id, oauth2_id, provider, identification_code, email, account_role, name, phone_number, nickname, profile_picture_url, introduce, is_deleted) VALUES (9, 7890123, 'kakao', 'stu12345', 'trainer9@example.com', 'trainer', '트레이너9', '01099999999', '트레이너9닉네임', 'https://pocket-pt.s3.ap-northeast-2.amazonaws.com/account/profile-picture/default_profile.jpg', '트레이너9 소개', false);
INSERT INTO account (account_id, oauth2_id, provider, identification_code, email, account_role, name, phone_number, nickname, profile_picture_url, introduce, is_deleted) VALUES (10, 8901234, 'kakao', 'vwx12345', 'trainer10@example.com', 'trainer', '트레이너10', '01010101010', '트레이너10닉네임', 'https://pocket-pt.s3.ap-northeast-2.amazonaws.com/account/profile-picture/default_profile.jpg', '트레이너10 소개', false);
INSERT INTO account (account_id, oauth2_id, provider, identification_code, email, account_role, name, phone_number, nickname, profile_picture_url, introduce, is_deleted) VALUES (11, 9012345, 'kakao', 'yzA12345', 'trainer11@example.com', 'trainer', '트레이너11', '01011111111', '트레이너11닉네임', 'https://pocket-pt.s3.ap-northeast-2.amazonaws.com/account/profile-picture/default_profile.jpg', '트레이너11 소개', false);
INSERT INTO account (account_id, oauth2_id, provider, identification_code, email, account_role, name, phone_number, nickname, profile_picture_url, introduce, is_deleted) VALUES (12, 0123456, 'kakao', 'BCD12345', 'trainer12@example.com', 'trainer', '트레이너12', '01012121212', '트레이너12닉네임', 'https://pocket-pt.s3.ap-northeast-2.amazonaws.com/account/profile-picture/default_profile.jpg', '트레이너12 소개', false);

-- Trainee
INSERT INTO account (account_id, oauth2_id, provider, identification_code, email, account_role, name, phone_number, nickname, profile_picture_url, introduce, is_deleted) VALUES (13, 5557184, 'kakao', 'FayVXPAO', 'vivian0304@naver.com', 'trainee', '박수현', '01058483331', '수현일상', 'http://k.kakaocdn.net/dn/bcWdCJ/btr5zPtkYvb/Kf0PktHPFxVvrqaTHlXzqK/img_640x640.jpg', '유산소만 합니다! 다이어트 D-210 이요~', false);
INSERT INTO account (account_id, oauth2_id, provider, identification_code, email, account_role, name, phone_number, nickname, profile_picture_url, introduce, is_deleted) VALUES (14, 4512111, 'kakao', 'JNFNOMjy', 'kimtks456@naver.com', 'trainee', '김산', '01057189999', '산이', 'http://k.kakaocdn.net/dn/clo68T/btspFmrXX3y/CRDzUnmfmkr7uRC9bvcU3K/img_640x640.jpg', '광주, 창원, 선릉 3군데서 Physique 전문 헬스 트레이너로 활동중입니다', false);
INSERT INTO account (account_id, oauth2_id, provider, identification_code, email, account_role, name, phone_number, nickname, profile_picture_url, introduce, is_deleted) VALUES (15, 1230987, 'kakao', 'jkl67890', 'jooone@naver.com', 'trainee', '최주원', '01033333333', '최주원', 'https://pocket-pt.s3.ap-northeast-2.amazonaws.com/account/profile-picture/default_profile.jpg', '트레이니1 소개', false);
INSERT INTO account (account_id, oauth2_id, provider, identification_code, email, account_role, name, phone_number, nickname, profile_picture_url, introduce, is_deleted) VALUES (16, 2349876, 'kakao', 'mno67890', 'harin@google.com', 'trainee', '윤하린', '01044444444', '윤하린', 'https://pocket-pt.s3.ap-northeast-2.amazonaws.com/account/profile-picture/default_profile.jpg', '트레이니2 소개', false);
INSERT INTO account (account_id, oauth2_id, provider, identification_code, email, account_role, name, phone_number, nickname, profile_picture_url, introduce, is_deleted) VALUES (17, 3498765, 'kakao', 'pqr67890', 'doyun@naver.com', 'trainee', '신도윤', '01055555555', '신도윤', 'https://pocket-pt.s3.ap-northeast-2.amazonaws.com/account/profile-picture/default_profile.jpg', '트레이니3 소개', false);
INSERT INTO account (account_id, oauth2_id, provider, identification_code, email, account_role, name, phone_number, nickname, profile_picture_url, introduce, is_deleted) VALUES (18, 4987654, 'kakao', 'stu67890', 'haeun@google.com', 'trainee', '최하은', '01066666666', '최하은', 'https://pocket-pt.s3.ap-northeast-2.amazonaws.com/account/profile-picture/default_profile.jpg', '트레이니4 소개', false);
INSERT INTO account (account_id, oauth2_id, provider, identification_code, email, account_role, name, phone_number, nickname, profile_picture_url, introduce, is_deleted) VALUES (19, 9876543, 'kakao', 'vwx67890', 'soomin@google.com', 'trainee', '윤수민', '01077777777', '윤수민', 'https://pocket-pt.s3.ap-northeast-2.amazonaws.com/account/profile-picture/default_profile.jpg', '트레이니5 소개', false);
INSERT INTO account (account_id, oauth2_id, provider, identification_code, email, account_role, name, phone_number, nickname, profile_picture_url, introduce, is_deleted) VALUES (20, 8765432, 'kakao', 'yzA67890', 'sooa@naver.com', 'trainee', '오수아', '01088888888', '오수아', 'https://pocket-pt.s3.ap-northeast-2.amazonaws.com/account/profile-picture/default_profile.jpg', '트레이니6 소개', false);
INSERT INTO account (account_id, oauth2_id, provider, identification_code, email, account_role, name, phone_number, nickname, profile_picture_url, introduce, is_deleted) VALUES (21, 7654321, 'kakao', 'BCD67890', 'ujin@naver.com', 'trainee', '한유진', '01099999999', '한유진', 'https://pocket-pt.s3.ap-northeast-2.amazonaws.com/account/profile-picture/default_profile.jpg', '트레이니7 소개', false);
INSERT INTO account (account_id, oauth2_id, provider, identification_code, email, account_role, name, phone_number, nickname, profile_picture_url, introduce, is_deleted) VALUES (22, 6543210, 'kakao', 'EFG67890', 'jihu@naver.com', 'trainee', '김지후', '01010101010', '김지후', 'https://pocket-pt.s3.ap-northeast-2.amazonaws.com/account/profile-picture/default_profile.jpg', '트레이니8 소개', false);
INSERT INTO account (account_id, oauth2_id, provider, identification_code, email, account_role, name, phone_number, nickname, profile_picture_url, introduce, is_deleted) VALUES (23, 5432109, 'kakao', 'HIJ67890', 'soominpark@google.com', 'trainee', '박수민', '01012121212', '박수민', 'https://pocket-pt.s3.ap-northeast-2.amazonaws.com/account/profile-picture/default_profile.jpg', '트레이니9 소개', false);
INSERT INTO account (account_id, oauth2_id, provider, identification_code, email, account_role, name, phone_number, nickname, profile_picture_url, introduce, is_deleted) VALUES (24, 4321098, 'kakao', 'KLM67890', 'seoyung@naver.com', 'trainee', '배서영', '01010101010', '배서영', 'https://pocket-pt.s3.ap-northeast-2.amazonaws.com/account/profile-picture/default_profile.jpg', '트레이니10 소개', false);
INSERT INTO account (account_id, oauth2_id, provider, identification_code, email, account_role, name, phone_number, nickname, profile_picture_url, introduce, is_deleted) VALUES (25, 3210987, 'kakao', 'MN267890', 'jungok@google.com', 'trainee', '한정욱', '01111111111', '한정욱', 'https://pocket-pt.s3.ap-northeast-2.amazonaws.com/account/profile-picture/default_profile.jpg', '트레이니11 소개', false);
INSERT INTO account (account_id, oauth2_id, provider, identification_code, email, account_role, name, phone_number, nickname, profile_picture_url, introduce, is_deleted) VALUES (26, 2109876, 'kakao', 'PfR67890', 'bumjin@naver.com', 'trainee', '김범진', '01212121212', '김범진', 'https://pocket-pt.s3.ap-northeast-2.amazonaws.com/account/profile-picture/default_profile.jpg', '트레이니12 소개', false);
INSERT INTO account (account_id, oauth2_id, provider, identification_code, email, account_role, name, phone_number, nickname, profile_picture_url, introduce, is_deleted) VALUES (27, 1098765, 'kakao', 'Sfo67890', 'chearim@google.com', 'trainee', '박채림', '01313131313', '박채림', 'https://pocket-pt.s3.ap-northeast-2.amazonaws.com/account/profile-picture/default_profile.jpg', '트레이니13 소개', false);

-- PtMatching
INSERT INTO pt_matching (pt_matching_id, trainer_account_id, trainee_account_id, status, subscription_period, expired_date, payment_amount, created_at) VALUES (1, 1, 13, 'expired', 6, date_add(now(), interval 6 month), 250000, now());
INSERT INTO pt_matching (pt_matching_id, trainer_account_id, trainee_account_id, status, subscription_period, expired_date, payment_amount, created_at) VALUES (2, 1, 14, 'expired', 6, date_add(now(), interval 6 month), 250000, now());
INSERT INTO pt_matching (pt_matching_id, trainer_account_id, trainee_account_id, status, subscription_period, expired_date, payment_amount, created_at) VALUES (3, 1, 15, 'expired', 4, date_add(now(), interval 4 month), 130000, now());
INSERT INTO pt_matching (pt_matching_id, trainer_account_id, trainee_account_id, status, subscription_period, expired_date, payment_amount, created_at) VALUES (4, 1, 16, 'expired', 5, date_add(now(), interval 5 month), 210000, now());
INSERT INTO pt_matching (pt_matching_id, trainer_account_id, trainee_account_id, status, subscription_period, expired_date, payment_amount, created_at) VALUES (5, 1, 17, 'active', 13, date_add(now(), interval 13 month), 480000, now());
INSERT INTO pt_matching (pt_matching_id, trainer_account_id, trainee_account_id, status, subscription_period, expired_date, payment_amount, created_at) VALUES (6, 1, 18, 'active', 16, date_add(now(), interval 16 month), 570000, now());
INSERT INTO pt_matching (pt_matching_id, trainer_account_id, trainee_account_id, status, subscription_period, expired_date, payment_amount, created_at) VALUES (7, 1, 19, 'active', 1, date_add(now(), interval 1 month), 50000, now());
INSERT INTO pt_matching (pt_matching_id, trainer_account_id, trainee_account_id, status, subscription_period, expired_date, payment_amount, created_at) VALUES (8, 1, 20, 'active', 2, date_add(now(), interval 2 month), 90000, date_sub(now(), interval 7 month));
INSERT INTO pt_matching (pt_matching_id, trainer_account_id, trainee_account_id, status, subscription_period, expired_date, payment_amount, created_at) VALUES (9, 1, 21, 'active', 5, date_add(now(), interval 5 month), 200000, date_sub(now(), interval 6 month));
INSERT INTO pt_matching (pt_matching_id, trainer_account_id, trainee_account_id, status, subscription_period, expired_date, payment_amount, created_at) VALUES (10, 1, 22, 'active', 7, date_add(now(), interval 7 month), 270000, date_sub(now(), interval 5 month));
INSERT INTO pt_matching (pt_matching_id, trainer_account_id, trainee_account_id, status, subscription_period, expired_date, payment_amount, created_at) VALUES (11, 1, 23, 'active', 12, date_add(now(), interval 12 month), 520000, date_sub(now(), interval 4 month));
INSERT INTO pt_matching (pt_matching_id, trainer_account_id, trainee_account_id, status, subscription_period, expired_date, payment_amount, created_at) VALUES (12, 1, 24, 'active', 6, date_add(now(), interval 6 month), 250000, date_sub(now(), interval 3 month));
INSERT INTO pt_matching (pt_matching_id, trainer_account_id, trainee_account_id, status, subscription_period, expired_date, payment_amount, created_at) VALUES (13, 1, 25, 'active', 7, date_add(now(), interval 7 month), 270000, date_sub(now(), interval 2 month));
INSERT INTO pt_matching (pt_matching_id, trainer_account_id, trainee_account_id, status, subscription_period, expired_date, payment_amount, created_at) VALUES (14, 1, 26, 'active', 7, date_add(now(), interval 7 month), 270000, date_sub(now(), interval 2 month));
INSERT INTO pt_matching (pt_matching_id, trainer_account_id, trainee_account_id, status, subscription_period, expired_date, payment_amount, created_at) VALUES (15, 1, 27, 'active', 7, date_add(now(), interval 7 month), 270000, date_sub(now(), interval 2 month));
INSERT INTO pt_matching (pt_matching_id, trainer_account_id, trainee_account_id, status, subscription_period, expired_date, payment_amount, created_at) VALUES (16, 1, 2, 'expired', 8, date_add(now(), interval 8 month), 320000, date_sub(now(), interval 1 month));
INSERT INTO pt_matching (pt_matching_id, trainer_account_id, trainee_account_id, status, subscription_period, expired_date, payment_amount, created_at) VALUES (17, 1, 3, 'active', 6, date_add(now(), interval 6 month), 480000, date_add(now(), interval 1 month));
INSERT INTO pt_matching (pt_matching_id, trainer_account_id, trainee_account_id, status, subscription_period, expired_date, payment_amount, created_at) VALUES (18, 1, 4, 'active', 6, date_add(now(), interval 6 month), 480000, date_add(now(), interval 1 month));
INSERT INTO pt_matching (pt_matching_id, trainer_account_id, trainee_account_id, status, subscription_period, expired_date, payment_amount, created_at) VALUES (19, 1, 5, 'active', 6, date_add(now(), interval 6 month), 480000, date_add(now(), interval 1 month));
INSERT INTO pt_matching (pt_matching_id, trainer_account_id, trainee_account_id, status, subscription_period, expired_date, payment_amount, created_at) VALUES (20, 1, 6, 'active', 6, date_add(now(), interval 6 month), 480000, date_add(now(), interval 1 month));

UPDATE account set total_sales = (select sum(payment_amount) from pt_matching where trainer_account_id = 1 and status = 'active') where account_id = 1;

-- MonthlyPtPrice
INSERT INTO monthly_pt_price (monthly_pt_price_id, account_id, period, price, created_at) VALUES (1, 1, 1, 30000, now());
INSERT INTO monthly_pt_price (monthly_pt_price_id, account_id, period, price, created_at) VALUES (2, 1, 6, 20000, now());

INSERT INTO monthly_pt_price (monthly_pt_price_id, account_id, period, price, created_at) VALUES (3, 2, 1, 60000, now());
INSERT INTO monthly_pt_price (monthly_pt_price_id, account_id, period, price, created_at) VALUES (4, 2, 3, 50000, now());
INSERT INTO monthly_pt_price (monthly_pt_price_id, account_id, period, price, created_at) VALUES (5, 2, 6, 40000, now());
INSERT INTO monthly_pt_price (monthly_pt_price_id, account_id, period, price, created_at) VALUES (6, 2, 10, 30000, now());

-- Chatting
INSERT INTO chatting_room(chatting_room_id, number_of_participant, is_deleted, status, host_id, created_at) VALUES (1, 2, false, 0, 1, now());

INSERT INTO chatting_participant (account_id, chatting_room_id, is_host, is_deleted, not_view_count, created_at) VALUES (1, 1, false, false, 0, now());
INSERT INTO chatting_participant (account_id, chatting_room_id, is_host, is_deleted, not_view_count, created_at) VALUES (14, 1, true, false, 0, now());

INSERT INTO chatting_room(chatting_room_id, number_of_participant, is_deleted, status, host_id, created_at) VALUES (2, 2, false, 0, 1, now());

INSERT INTO chatting_participant (account_id, chatting_room_id, is_host, is_deleted, not_view_count, created_at) VALUES (1, 2, false, false, 0, now());
INSERT INTO chatting_participant (account_id, chatting_room_id, is_host, is_deleted, not_view_count, created_at) VALUES (13, 2, true, false, 0, now());

INSERT INTO chatting_room(chatting_room_id, number_of_participant, is_deleted, status, host_id, created_at) VALUES (3, 2, false, 0, 1, now());

INSERT INTO chatting_participant (account_id, chatting_room_id, is_host, is_deleted, not_view_count, created_at) VALUES (1, 3, false, false, 0, now());
INSERT INTO chatting_participant (account_id, chatting_room_id, is_host, is_deleted, not_view_count, created_at) VALUES (15, 3, true, false, 0, now());

INSERT INTO chatting_room(chatting_room_id, number_of_participant, is_deleted, status, host_id, created_at) VALUES (4, 2, false, 0, 1, now());

INSERT INTO chatting_participant (account_id, chatting_room_id, is_host, is_deleted, not_view_count, created_at) VALUES (1, 4, false, false, 0, now());
INSERT INTO chatting_participant (account_id, chatting_room_id, is_host, is_deleted, not_view_count, created_at) VALUES (16, 4, true, false, 0, now());

INSERT INTO chatting_room(chatting_room_id, number_of_participant, is_deleted, status, host_id, created_at) VALUES (5, 2, false, 0, 1, now());

INSERT INTO chatting_participant (account_id, chatting_room_id, is_host, is_deleted, not_view_count, created_at) VALUES (1, 5, false, false, 0, now());
INSERT INTO chatting_participant (account_id, chatting_room_id, is_host, is_deleted, not_view_count, created_at) VALUES (17, 5, true, false, 0, now());


