-- Trainer
INSERT INTO account (account_id, oauth2_id, provider, identification_code, email, account_role, name, phone_number, nickname, profile_picture_url, introduce, is_deleted) VALUES (1, 4512111, 'kakao', 'JNFNOMjy', 'kimtks456@naver.com', 'trainer', '김산', '01057189999', '산이', 'http://k.kakaocdn.net/dn/clo68T/btspFmrXX3y/CRDzUnmfmkr7uRC9bvcU3K/img_640x640.jpg', '광주, 창원, 선릉 3군데서 Physique 전문 헬스 트레이너로 활동중입니다', false);
INSERT INTO account (account_id, oauth2_id, provider, identification_code, email, account_role, name, phone_number, nickname, profile_picture_url, introduce, is_deleted) VALUES (2, 2800009, 'kakao', 'fFIEBMjy', 'lch122@naver.com', 'trainer', '이찬희', '01021429903', '따니', 'http://k.kakaocdn.net/dn/1V6Pl/btrKhRFdtAT/t0kwN9Yi6d0HjVt9TtJx1K/img_640x640.jpg', '광주 첨단 1동 바디 헬스장 소속, 트레이너 입니다!', false);
INSERT INTO account (account_id, oauth2_id, provider, identification_code, email, account_role, name, phone_number, nickname, profile_picture_url, introduce, is_deleted) VALUES (3, 1234567, 'kakao', 'abc12345', 'trainer3@example.com', 'trainer', '트레이너3', '01033333333', '트레이너3닉네임', 'https://pocket-pt.s3.ap-northeast-2.amazonaws.com/account/profile-picture/default_profile.jpg', '트레이너3 소개', false);
INSERT INTO account (account_id, oauth2_id, provider, identification_code, email, account_role, name, phone_number, nickname, profile_picture_url, introduce, is_deleted) VALUES (4, 2345678, 'kakao', 'def12345', 'trainer4@example.com', 'trainer', '트레이너4', '01044444444', '트레이너4닉네임', 'https://pocket-pt.s3.ap-northeast-2.amazonaws.com/account/profile-picture/default_profile.jpg', '트레이너4 소개', false);
INSERT INTO account (account_id, oauth2_id, provider, identification_code, email, account_role, name, phone_number, nickname, profile_picture_url, introduce, is_deleted) VALUES (5, 3456789, 'kakao', 'ghi12345', 'trainer5@example.com', 'trainer', '트레이너5', '01055555555', '트레이너5닉네임', 'https://pocket-pt.s3.ap-northeast-2.amazonaws.com/account/profile-picture/default_profile.jpg', '트레이너5 소개', false);
INSERT INTO account (account_id, oauth2_id, provider, identification_code, email, account_role, name, phone_number, nickname, profile_picture_url, introduce, is_deleted) VALUES (6, 4567890, 'kakao', 'jkl12345', 'trainer6@example.com', 'trainer', '트레이너6', '01066666666', '트레이너6닉네임', 'https://pocket-pt.s3.ap-northeast-2.amazonaws.com/account/profile-picture/default_profile.jpg', '트레이너6 소개', false);
INSERT INTO account (account_id, oauth2_id, provider, identification_code, email, account_role, name, phone_number, nickname, profile_picture_url, introduce, is_deleted) VALUES (7, 5678901, 'kakao', 'mno12345', 'trainer7@example.com', 'trainer', '트레이너7', '01077777777', '트레이너7닉네임', 'https://pocket-pt.s3.ap-northeast-2.amazonaws.com/account/profile-picture/default_profile.jpg', '트레이너7 소개', false);
INSERT INTO account (account_id, oauth2_id, provider, identification_code, email, account_role, name, phone_number, nickname, profile_picture_url, introduce, is_deleted) VALUES (8, 6789012, 'kakao', 'pqr12345', 'trainer8@example.com', 'trainer', '트레이너8', '01088888888', '트레이너8닉네임', 'https://pocket-pt.s3.ap-northeast-2.amazonaws.com/account/profile-picture/default_profile.jpg', '트레이너8 소개', false);
INSERT INTO account (account_id, oauth2_id, provider, identification_code, email, account_role, name, phone_number, nickname, profile_picture_url, introduce, is_deleted) VALUES (9, 7890123, 'kakao', 'stu12345', 'trainer9@example.com', 'trainer', '트레이너9', '01099999999', '트레이너9닉네임', 'https://pocket-pt.s3.ap-northeast-2.amazonaws.com/account/profile-picture/default_profile.jpg', '트레이너9 소개', false);
INSERT INTO account (account_id, oauth2_id, provider, identification_code, email, account_role, name, phone_number, nickname, profile_picture_url, introduce, is_deleted) VALUES (10, 8901234, 'kakao', 'vwx12345', 'trainer10@example.com', 'trainer', '트레이너10', '01010101010', '트레이너10닉네임', 'https://pocket-pt.s3.ap-northeast-2.amazonaws.com/account/profile-picture/default_profile.jpg', '트레이너10 소개', false);
INSERT INTO account (account_id, oauth2_id, provider, identification_code, email, account_role, name, phone_number, nickname, profile_picture_url, introduce, is_deleted) VALUES (11, 9012345, 'kakao', 'yzA12345', 'trainer11@example.com', 'trainer', '트레이너11', '01011111111', '트레이너11닉네임', 'https://pocket-pt.s3.ap-northeast-2.amazonaws.com/account/profile-picture/default_profile.jpg', '트레이너11 소개', false);
INSERT INTO account (account_id, oauth2_id, provider, identification_code, email, account_role, name, phone_number, nickname, profile_picture_url, introduce, is_deleted) VALUES (12, 0123456, 'kakao', 'BCD12345', 'trainer12@example.com', 'trainer', '트레이너12', '01012121212', '트레이너12닉네임', 'https://pocket-pt.s3.ap-northeast-2.amazonaws.com/account/profile-picture/default_profile.jpg', '트레이너12 소개', false);

-- Trainee
INSERT INTO account (account_id, oauth2_id, provider, identification_code, email, account_role, name, phone_number, nickname, profile_picture_url, introduce, is_deleted) VALUES (13, 5557184, 'kakao', 'FayVXPAO', 'vivian0304@naver.com', null, '박수현', '01058483331', '수현일상', 'http://k.kakaocdn.net/dn/bcWdCJ/btr5zPtkYvb/Kf0PktHPFxVvrqaTHlXzqK/img_640x640.jpg', '유산소만 합니다! 다이어트 D-210 이요~', false);
INSERT INTO account (account_id, oauth2_id, provider, identification_code, email, account_role, name, phone_number, nickname, profile_picture_url, introduce, is_deleted) VALUES (14, 9285012, 'kakao', 'lhGbiEGe', 'jesus0321@naver.com', null, '김일곤', '01066689229', '고니', 'http://k.kakaocdn.net/dn/1V6Pl/btrKhRFdtAT/t0kwN9Yi6d0HjVt9TtJx1K/img_640x640.jpg', '대한 의경의 힘, 보여드리겠습니다', false);
INSERT INTO account (account_id, oauth2_id, provider, identification_code, email, account_role, name, phone_number, nickname, profile_picture_url, introduce, is_deleted) VALUES (15, 1230987, 'kakao', 'jkl67890', 'trainee1@example.com', 'trainee', '트레이니1', '01033333333', '트레이니1닉네임', 'https://pocket-pt.s3.ap-northeast-2.amazonaws.com/account/profile-picture/default_profile.jpg', '트레이니1 소개', false);
INSERT INTO account (account_id, oauth2_id, provider, identification_code, email, account_role, name, phone_number, nickname, profile_picture_url, introduce, is_deleted) VALUES (16, 2349876, 'kakao', 'mno67890', 'trainee2@example.com', 'trainee', '트레이니2', '01044444444', '트레이니2닉네임', 'https://pocket-pt.s3.ap-northeast-2.amazonaws.com/account/profile-picture/default_profile.jpg', '트레이니2 소개', false);
INSERT INTO account (account_id, oauth2_id, provider, identification_code, email, account_role, name, phone_number, nickname, profile_picture_url, introduce, is_deleted) VALUES (17, 3498765, 'kakao', 'pqr67890', 'trainee3@example.com', 'trainee', '트레이니3', '01055555555', '트레이니3닉네임', 'https://pocket-pt.s3.ap-northeast-2.amazonaws.com/account/profile-picture/default_profile.jpg', '트레이니3 소개', false);
INSERT INTO account (account_id, oauth2_id, provider, identification_code, email, account_role, name, phone_number, nickname, profile_picture_url, introduce, is_deleted) VALUES (18, 4987654, 'kakao', 'stu67890', 'trainee4@example.com', 'trainee', '트레이니4', '01066666666', '트레이니4닉네임', 'https://pocket-pt.s3.ap-northeast-2.amazonaws.com/account/profile-picture/default_profile.jpg', '트레이니4 소개', false);
INSERT INTO account (account_id, oauth2_id, provider, identification_code, email, account_role, name, phone_number, nickname, profile_picture_url, introduce, is_deleted) VALUES (19, 9876543, 'kakao', 'vwx67890', 'trainee5@example.com', 'trainee', '트레이니5', '01077777777', '트레이니5닉네임', 'https://pocket-pt.s3.ap-northeast-2.amazonaws.com/account/profile-picture/default_profile.jpg', '트레이니5 소개', false);
INSERT INTO account (account_id, oauth2_id, provider, identification_code, email, account_role, name, phone_number, nickname, profile_picture_url, introduce, is_deleted) VALUES (20, 8765432, 'kakao', 'yzA67890', 'trainee6@example.com', 'trainee', '트레이니6', '01088888888', '트레이니6닉네임', 'https://pocket-pt.s3.ap-northeast-2.amazonaws.com/account/profile-picture/default_profile.jpg', '트레이니6 소개', false);
INSERT INTO account (account_id, oauth2_id, provider, identification_code, email, account_role, name, phone_number, nickname, profile_picture_url, introduce, is_deleted) VALUES (21, 7654321, 'kakao', 'BCD67890', 'trainee7@example.com', 'trainee', '트레이니7', '01099999999', '트레이니7닉네임', 'https://pocket-pt.s3.ap-northeast-2.amazonaws.com/account/profile-picture/default_profile.jpg', '트레이니7 소개', false);
INSERT INTO account (account_id, oauth2_id, provider, identification_code, email, account_role, name, phone_number, nickname, profile_picture_url, introduce, is_deleted) VALUES (22, 6543210, 'kakao', 'EFG67890', 'trainee8@example.com', 'trainee', '트레이니8', '01010101010', '트레이니8닉네임', 'https://pocket-pt.s3.ap-northeast-2.amazonaws.com/account/profile-picture/default_profile.jpg', '트레이니8 소개', false);
INSERT INTO account (account_id, oauth2_id, provider, identification_code, email, account_role, name, phone_number, nickname, profile_picture_url, introduce, is_deleted) VALUES (23, 5432109, 'kakao', 'HIJ67890', 'trainee9@example.com', 'trainee', '트레이니9', '01012121212', '트레이니9닉네임', 'https://pocket-pt.s3.ap-northeast-2.amazonaws.com/account/profile-picture/default_profile.jpg', '트레이니9 소개', false);
INSERT INTO account (account_id, oauth2_id, provider, identification_code, email, account_role, name, phone_number, nickname, profile_picture_url, introduce, is_deleted) VALUES (24, 4321098, 'kakao', 'KLM67890', 'trainee10@example.com', 'trainee', '트레이니10', '01010101010', '트레이니10닉네임', 'https://pocket-pt.s3.ap-northeast-2.amazonaws.com/account/profile-picture/default_profile.jpg', '트레이니10 소개', false);
INSERT INTO account (account_id, oauth2_id, provider, identification_code, email, account_role, name, phone_number, nickname, profile_picture_url, introduce, is_deleted) VALUES (25, 3210987, 'kakao', 'MN267890', 'trainee11@example.com', 'trainee', '트레이니11', '01111111111', '트레이니11닉네임', 'https://pocket-pt.s3.ap-northeast-2.amazonaws.com/account/profile-picture/default_profile.jpg', '트레이니11 소개', false);
INSERT INTO account (account_id, oauth2_id, provider, identification_code, email, account_role, name, phone_number, nickname, profile_picture_url, introduce, is_deleted) VALUES (26, 2109876, 'kakao', 'PfR67890', 'trainee12@example.com', 'trainee', '트레이니12', '01212121212', '트레이니12닉네임', 'https://pocket-pt.s3.ap-northeast-2.amazonaws.com/account/profile-picture/default_profile.jpg', '트레이니12 소개', false);
INSERT INTO account (account_id, oauth2_id, provider, identification_code, email, account_role, name, phone_number, nickname, profile_picture_url, introduce, is_deleted) VALUES (27, 1098765, 'kakao', 'Sfo67890', 'trainee13@example.com', 'trainee', '트레이니13', '01313131313', '트레이니13닉네임', 'https://pocket-pt.s3.ap-northeast-2.amazonaws.com/account/profile-picture/default_profile.jpg', '트레이니13 소개', false);

-- PtMatching
INSERT INTO pt_matching (pt_matching_id, trainer_account_id, trainee_account_id, status, subscription_period, expired_date, payment_amount, created_at) VALUES (1, 1, 13, 'active', 6, date_add(now(), interval 6 month), 250000, now());
INSERT INTO pt_matching (pt_matching_id, trainer_account_id, trainee_account_id, status, subscription_period, expired_date, payment_amount, created_at) VALUES (2, 1, 15, 'pending', 4, date_add(now(), interval 4 month), 130000, now());
INSERT INTO pt_matching (pt_matching_id, trainer_account_id, trainee_account_id, status, subscription_period, expired_date, payment_amount, created_at) VALUES (3, 1, 14, 'active', 5, date_add(now(), interval 5 month), 210000, now());
INSERT INTO pt_matching (pt_matching_id, trainer_account_id, trainee_account_id, status, subscription_period, expired_date, payment_amount, created_at) VALUES (4, 1, 18, 'pending', 13, date_add(now(), interval 13 month), 480000, now());
INSERT INTO pt_matching (pt_matching_id, trainer_account_id, trainee_account_id, status, subscription_period, expired_date, payment_amount, created_at) VALUES (5, 1, 19, 'pending', 16, date_add(now(), interval 16 month), 570000, now());
INSERT INTO pt_matching (pt_matching_id, trainer_account_id, trainee_account_id, status, subscription_period, expired_date, payment_amount, created_at) VALUES (6, 1, 20, 'active', 1, date_add(now(), interval 1 month), 50000, now());
INSERT INTO pt_matching (pt_matching_id, trainer_account_id, trainee_account_id, status, subscription_period, expired_date, payment_amount, created_at) VALUES (7, 1, 21, 'active', 2, date_add(now(), interval 2 month), 90000, date_sub(now(), interval 7 month));
INSERT INTO pt_matching (pt_matching_id, trainer_account_id, trainee_account_id, status, subscription_period, expired_date, payment_amount, created_at) VALUES (8, 1, 22, 'active', 5, date_add(now(), interval 5 month), 200000, date_sub(now(), interval 6 month));
INSERT INTO pt_matching (pt_matching_id, trainer_account_id, trainee_account_id, status, subscription_period, expired_date, payment_amount, created_at) VALUES (9, 1, 23, 'active', 7, date_add(now(), interval 7 month), 270000, date_sub(now(), interval 5 month));
INSERT INTO pt_matching (pt_matching_id, trainer_account_id, trainee_account_id, status, subscription_period, expired_date, payment_amount, created_at) VALUES (10, 1, 24, 'active', 12, date_add(now(), interval 12 month), 520000, date_sub(now(), interval 4 month));
INSERT INTO pt_matching (pt_matching_id, trainer_account_id, trainee_account_id, status, subscription_period, expired_date, payment_amount, created_at) VALUES (11, 1, 25, 'active', 6, date_add(now(), interval 6 month), 250000, date_sub(now(), interval 3 month));
INSERT INTO pt_matching (pt_matching_id, trainer_account_id, trainee_account_id, status, subscription_period, expired_date, payment_amount, created_at) VALUES (12, 1, 16, 'expired', 7, date_add(now(), interval 7 month), 270000, date_sub(now(), interval 2 month));
INSERT INTO pt_matching (pt_matching_id, trainer_account_id, trainee_account_id, status, subscription_period, expired_date, payment_amount, created_at) VALUES (13, 2, 16, 'pending', 8, date_add(now(), interval 8 month), 320000, date_sub(now(), interval 1 month));

INSERT INTO pt_matching (pt_matching_id, trainer_account_id, trainee_account_id, status, subscription_period, expired_date, payment_amount, created_at) VALUES (14, 2, 14, 'active', 6, date_add(now(), interval 6 month), 480000, date_add(now(), interval 1 month));

UPDATE account set total_sales = (select sum(payment_amount) from pt_matching where trainer_account_id = 1 and status = 'active') where account_id = 1;

-- MonthlyPtPrice
INSERT INTO monthly_pt_price (monthly_pt_price_id, account_id, period, price, created_at) VALUES (1, 1, 1, 30000, now());
INSERT INTO monthly_pt_price (monthly_pt_price_id, account_id, period, price, created_at) VALUES (2, 1, 6, 20000, now());

INSERT INTO monthly_pt_price (monthly_pt_price_id, account_id, period, price, created_at) VALUES (3, 2, 1, 60000, now());
INSERT INTO monthly_pt_price (monthly_pt_price_id, account_id, period, price, created_at) VALUES (4, 2, 3, 50000, now());
INSERT INTO monthly_pt_price (monthly_pt_price_id, account_id, period, price, created_at) VALUES (5, 2, 6, 40000, now());
INSERT INTO monthly_pt_price (monthly_pt_price_id, account_id, period, price, created_at) VALUES (6, 2, 10, 30000, now());

-- Chatting
INSERT INTO chatting_room(chatting_room_id, number_of_participant, is_deleted, status, host_id, created_at) VALUES (1, 2, false, 0, 1, now());

INSERT INTO chatting_participant (account_id, chatting_room_id, is_host, is_deleted, not_view_count, created_at) VALUES (1, 1, false, false, 0, now());
INSERT INTO chatting_participant (account_id, chatting_room_id, is_host, is_deleted, not_view_count, created_at) VALUES (14, 1, true, false, 0, now());